Peak_25860	1067682
Peak_68978	1067682
Peak_19319	1068516
Peak_24518	1068516
Peak_24039	1079493
Peak_25265	1079493
Peak_38063	1079493
Peak_32494	1124797
Peak_106662	1125097
Peak_127062	1125097
Peak_35758	1132532
Peak_17127	1133417
Peak_13453	1136406
Peak_18461	1144096
Peak_239339	1144096
Peak_41520	1144096
Peak_73391	1144096
Peak_78446	1144096
Peak_22657	1149943
Peak_294460	1149943
Peak_13897	1157884
Peak_45609	1157884
Peak_143416	1433207
Peak_20312	1433207
Peak_241915	1540886
Peak_17262	1782511
Peak_18368	1783003
Peak_63191	1891624
Peak_56936	1908330
Peak_7031	1908330
Peak_87870	2311403
Peak_10350	2545952
Peak_15640	2546625
Peak_299841	2546625
Peak_55715	2548130
Peak_29004	2548715
Peak_11644	2575686
Peak_18559	2576733
Peak_19533	2578220
Peak_42821	3066273
Peak_148245	3482322
Peak_24338	3482322
Peak_16182	3746819
Peak_62963	3746819
Peak_84832	3746819
Peak_3068	3901217
Peak_274207	6743243
Peak_35692	6743243
Peak_89180	6743243
Peak_27439	8058485
Peak_17068	8061261
Peak_47051	8070339
Peak_94913	8070339
Peak_13439	8077077
Peak_72259	8078293
Peak_37657	8083735
Peak_60194	8083735
Peak_53522	8090505
Peak_62131	8094527
Peak_29728	8097522
Peak_16667	8121007
Peak_38624	8121007
Peak_48303	8167262
Peak_66949	8174338
Peak_44001	8174818
Peak_15104	8202130
Peak_53554	8202612
Peak_142520	8217179
Peak_72909	8217179
Peak_22855	8258968
Peak_33108	8258968
Peak_47507	8258968
Peak_58250	8312310
Peak_5762	8848806
Peak_27103	8858115
Peak_20720	9162857
Peak_25030	9163683
Peak_32614	9163683
Peak_106534	9181367
Peak_94802	9181367
Peak_109450	9182111
Peak_88632	9182111
Peak_33238	9233268
Peak_108011	9290102
Peak_234043	9290102
Peak_47556	9371491
Peak_36304	9376814
Peak_66862	9401858
Peak_14615	9413014
Peak_39742	9413014
Peak_143575	9825439
Peak_30798	9825439
Peak_122543	9842666
Peak_66630	9842666
Peak_67830	9843519
Peak_66746	10387645
Peak_18721	10635992
Peak_22117	10815054
Peak_27572	10815054
Peak_43861	10815054
Peak_47851	12148405
Peak_74553	12161708
Peak_8880	12161708
Peak_144629	12527540
Peak_23894	12527540
Peak_28980	12528337
Peak_207234	12539957
Peak_53259	12539957
Peak_66219	12539957
Peak_107784	12549648
Peak_89207	12549648
Peak_42519	12618970
Peak_28718	12619891
Peak_23069	13619885
Peak_18390	15139750
Peak_63736	15141863
Peak_13776	15603120
Peak_28500	15603120
Peak_7833	15735789
Peak_30029	15799059
Peak_49180	15799475
Peak_18524	15799908
Peak_15907	16012718
Peak_23962	16012718
Peak_16132	16173180
Peak_59711	16173180
Peak_25983	16175953
Peak_195482	16181615
Peak_9244	16181615
Peak_18942	16216234
Peak_1039	16216922
Peak_36650	16216922
Peak_41893	16623492
Peak_1325	16623930
Peak_10991	16644304
Peak_144890	16644304
Peak_73696	16644304
Peak_27424	17516920
Peak_92783	17531765
Peak_15555	18464213
Peak_8135	18464213
Peak_118039	19010393
Peak_236805	19010393
Peak_23557	19010924
Peak_25231	19010924
Peak_243326	19066961
Peak_62478	19066961
Peak_120209	19073355
Peak_72252	19073872
Peak_139618	19260136
Peak_49539	19260136
Peak_21465	19273259
Peak_25293	19273259
Peak_72212	19273259
Peak_37137	19504896
Peak_89349	19514455
Peak_80968	19815786
Peak_96040	19815786
Peak_56652	20486505
Peak_38163	20733137
Peak_63421	21673454
Peak_47854	21943050
Peak_6789	21956689
Peak_9640	21956689
Peak_20477	22039666
Peak_141602	22163176
Peak_65083	22163176
Peak_67266	22163176
Peak_62126	22228480
Peak_41010	22257332
Peak_45322	22257976
Peak_19818	22414223
Peak_10606	23554384
Peak_47281	23554384
Peak_140560	23562139
Peak_6827	23562139
Peak_81067	23577368
Peak_29262	23704905
Peak_99070	23704905
Peak_10987	23727220
Peak_17266	23727220
Peak_76865	23790190
Peak_32361	23919932
Peak_11199	24018579
Peak_96198	24018579
Peak_67190	24021566
Peak_28243	24294349
Peak_47059	24294349
Peak_8375	24705256
Peak_60497	24705794
Peak_25250	24724531
Peak_27637	24724531
Peak_19349	24847952
Peak_62772	24847952
Peak_26461	25233141
Peak_12197	25239628
Peak_14027	25239628
Peak_42341	25573599
Peak_28032	25616032
Peak_3193	25616032
Peak_18658	25875150
Peak_63852	25875150
Peak_96567	25875150
Peak_108108	25922630
Peak_173076	25922630
Peak_72043	25922630
Peak_12290	26500050
Peak_17146	26500050
Peak_194557	26500050
Peak_34350	26500050
Peak_9150	26500050
Peak_12778	26677485
Peak_14366	26692884
Peak_28130	26784008
Peak_44720	26799493
Peak_48704	26799493
Peak_2419	26864750
Peak_68844	26864750
Peak_245319	26986674
Peak_27183	26986674
Peak_31808	27027099
Peak_19681	27031269
Peak_48262	27031269
Peak_37623	27402412
Peak_37107	27504506
Peak_59965	27504506
Peak_103285	27519550
Peak_119686	27522348
Peak_170374	27528042
Peak_31022	27528042
Peak_85827	27528042
Peak_92357	27528042
Peak_12504	27659529
Peak_203374	27659529
Peak_30588	27659529
Peak_140345	27662919
Peak_30611	27662919
Peak_11816	28647978
Peak_33350	28647978
Peak_8094	28647978
Peak_27446	28775148
Peak_39346	28775148
Peak_13786	28885009
Peak_111025	29124266
Peak_64266	29124266
Peak_68360	29124266
Peak_125448	30798606
Peak_68609	30798606
Peak_43358	30816635
Peak_171434	30823767
Peak_4847	30823767
Peak_7301	30823767
Peak_24227	30847467
Peak_11372	30852079
Peak_12435	31154622
Peak_22236	31154622
Peak_35936	31154622
Peak_39320	31154622
Peak_4489	31170651
Peak_23999	31573903
Peak_32651	31575580
Peak_73885	31587829
Peak_78833	31587829
Peak_33897	31588573
Peak_87270	31588573
Peak_14721	31714315
Peak_202690	31714315
Peak_34822	31714315
Peak_6759	31714315
Peak_13886	31788150
Peak_15432	31788150
Peak_204926	31788150
Peak_76711	31788150
Peak_59916	31880284
Peak_50736	31880944
Peak_60252	31880944
Peak_95667	31880944
Peak_36682	31954717
Peak_45781	31954717
Peak_9458	31955966
Peak_20759	32240076
Peak_53229	32240076
Peak_34038	32241145
Peak_16964	32400858
Peak_164273	32716450
Peak_3040	32716450
Peak_76738	32933528
Peak_49261	32934071
Peak_46335	32972840
Peak_99107	32972840
Peak_15753	32981128
Peak_275255	32989186
Peak_50181	32989186
Peak_13224	32992413
Peak_235570	32992413
Peak_106948	32998017
Peak_52868	33007221
Peak_46707	33255493
Peak_70934	33255832
Peak_65260	33455816
Peak_64615	34406449
Peak_146025	36134755
Peak_12396	36187815
Peak_34282	36187815
Peak_146507	36200099
Peak_71256	36200099
Peak_42673	36203395
Peak_74448	36203395
Peak_32028	36207383
Peak_9081	36386471
Peak_14689	36486614
Peak_30712	36486614
Peak_39306	37454914
Peak_56951	37465632
Peak_30663	37471770
Peak_32158	37487174
Peak_98234	37487174
Peak_103416	37995764
Peak_37946	37995764
Peak_68569	38047419
Peak_42892	38728298
Peak_23610	39818523
Peak_58509	39980538
Peak_75178	39987931
Peak_75179	40338817
Peak_9551	40868263
Peak_119657	40898504
Peak_139976	40899162
Peak_20302	40899162
Peak_12717	40919391
Peak_195383	40919391
Peak_64825	40939794
Peak_64316	40944400
Peak_45129	40944913
Peak_74308	40944913
Peak_1868	41360911
Peak_93005	41360911
Peak_22582	41418922
Peak_16818	41432441
Peak_18948	41432441
Peak_25199	41432441
Peak_9670	41496210
Peak_9208	41500453
Peak_21586	41501660
Peak_48213	42924066
Peak_6858	42924066
Peak_78049	42924066
Peak_50957	43276875
Peak_104909	44035950
Peak_103691	44730528
Peak_17981	44730528
Peak_26858	44730528
Peak_1525	44807015
Peak_207022	44807015
Peak_9209	44807015
Peak_123730	45543922
Peak_30276	46187517
Peak_23706	46719753
Peak_79440	46754720
Peak_94018	46754720
Peak_43082	47179142
Peak_77078	47181991
Peak_12495	47477558
Peak_25619	47477558
Peak_30954	47508005
Peak_93188	47508005
Peak_41343	47558911
Peak_140307	47752015
Peak_20164	51569772
Peak_15803	52702934
Peak_6378	52702934
Peak_10002	53145765
Peak_31994	53145765
Peak_42955	53176367
Peak_98667	53176367
Peak_68207	53183361
Peak_141132	53739046
Peak_20580	53739046
Peak_7109	54488171
Peak_30124	54489291
Peak_25182	54801529
Peak_45319	54950720
Peak_5555	55428856
Peak_44000	56432647
Peak_171555	58584170
Peak_83891	58584170
Peak_89000	58584170
Peak_14454	58618273
Peak_194643	58619335
Peak_73067	58619335
Peak_31893	58620275
Peak_26154	58755259
Peak_21972	58773066
Peak_267218	58773066
Peak_24674	58814274
Peak_67415	58814274
Peak_8391	58814274
Peak_46876	58824744
Peak_19931	58825097
Peak_26929	58848838
Peak_72162	58848838
Peak_32118	58858280
Peak_97284	58858280
Peak_203560	58874861
Peak_30067	58874861
Peak_67157	58874861
Peak_88334	58874861
Peak_40983	58881504
Peak_37767	58883364
Peak_14967	58885058
Peak_50445	58885058
Peak_40877	58893518
Peak_51057	58893518
Peak_9834	58896653
Peak_2171	58903401
Peak_23168	58922271
Peak_8463	58932866
Peak_64415	58942741
Peak_69605	58942741
Peak_235218	58964429
Peak_56691	58964429
Peak_7537	58964429
Peak_53874	58976398
Peak_29609	58982532
Peak_21776	59013233
Peak_28376	59020229
Peak_85638	59043719
Peak_98191	59043719
Peak_37385	59057287
Peak_97868	59057287
Peak_72074	59061965
Peak_57375	59062826
Peak_25973	59150816
Peak_292260	59150816
Peak_65267	59203894
Peak_26889	60573123
Peak_169872	61638369
Peak_74062	61638369
Peak_48506	61641799
Peak_78545	62384724
Peak_86132	62385973
Peak_58916	62690486
Peak_18530	62707076
Peak_22481	62707076
Peak_48391	62707076
Peak_137939	63698275
Peak_42428	63698275
Peak_66405	63704545
Peak_8254	67572626
Peak_29005	67838667
Peak_33591	67840473
Peak_53162	67840473
Peak_274208	68368342
Peak_64947	68368342
Peak_137467	84271466
Peak_207863	84271466
Peak_25466	84272489
Peak_109487	85224865
Peak_22023	85224865
Peak_10434	85297699
Peak_52559	85297699
Peak_38912	85611951
Peak_20728	85628774
Peak_20823	85628774
Peak_47636	85628774
Peak_200486	86774307
Peak_87062	86774307
Peak_27185	86792767
Peak_27961	86792767
Peak_22817	87449276
Peak_21305	87806008
Peak_63392	87885701
Peak_119095	89311291
Peak_137286	89311291
Peak_38722	89311291
Peak_169103	91569584
Peak_33014	91569584
Peak_7565	92804701
Peak_40738	94325595
Peak_59502	94325595
Peak_27870	94384781
Peak_53727	94527448
Peak_63876	94527448
Peak_58910	94550870
Peak_94180	94552367
Peak_28275	94562964
Peak_106038	94602937
Peak_50872	94608262
Peak_39743	94612094
Peak_33226	94621322
Peak_121294	94648260
Peak_21361	94648260
Peak_267933	94676435
Peak_51239	94676435
Peak_109068	94701943
Peak_88818	94701943
Peak_33019	94735010
Peak_49425	94753767
Peak_119370	94755599
Peak_51335	94755599
Peak_39888	94772234
Peak_16360	94783340
Peak_268554	94801889
Peak_292363	94801889
Peak_41907	94801889
Peak_23539	94950041
Peak_99215	94972341
Peak_40863	97921377
Peak_64616	99808746
Peak_175431	109239921
Peak_84108	109239921
Peak_84468	109239921
Peak_97456	109239921
Peak_35231	109776912
Peak_22132	109783295
Peak_117942	109792238
Peak_55713	109793856
Peak_241640	109796913
Peak_53083	109796913
Peak_21150	109823849
Peak_38930	109877222
Peak_45586	109895846
Peak_22362	109931171
Peak_53123	109934389
Peak_46314	109959914
Peak_27423	110084338
Peak_74077	110084338
Peak_38740	110209882
Peak_6600	110209882
Peak_52866	110464371
Peak_110996	110477002
Peak_13124	110477002
Peak_29574	110478308
Peak_18431	110507777
Peak_198636	110507777
Peak_75075	110507777
Peak_16792	111110257
Peak_110604	111989570
Peak_47273	111989570
Peak_53470	111989570
Peak_208194	111990883
Peak_23900	111990883
Peak_50078	111990883
Peak_17204	112390877
Peak_29242	112394180
Peak_25895	112905481
Peak_30622	112905481
Peak_147597	112998809
Peak_25823	112998809
Peak_169895	113140629
Peak_27354	113140629
Peak_95537	113140629
Peak_39695	113216739
Peak_77259	114346150
Peak_118100	115099001
Peak_18015	115099001
Peak_199117	115771670
Peak_42720	115771670
Peak_119291	116151736
Peak_14770	116151736
Peak_243591	116242661
Peak_55633	116242661
Peak_105145	116243643
Peak_118944	116243643
Peak_38191	116311986
Peak_23630	116312360
Peak_205443	116418252
Peak_22115	116418252
Peak_146927	116475181
Peak_78568	116475181
Peak_92958	116475181
Peak_122574	116504189
Peak_197414	116504189
Peak_79791	116504189
Peak_103942	116710489
Peak_78242	116710489
Peak_27725	116853702
Peak_84469	116879421
Peak_42697	117231845
Peak_29643	117562627
Peak_31430	117562627
Peak_18625	117570872
Peak_20239	117570872
Peak_79629	117590339
Peak_13618	117591272
Peak_19422	117632297
Peak_22508	117632297
Peak_107791	117674518
Peak_36462	117675033
Peak_144149	120180016
Peak_207492	120180016
Peak_35653	121519013
Peak_41000	121519013
Peak_89117	121519013
Peak_38390	121586541
Peak_48686	121586541
Peak_4315	145979304
Peak_104011	145985924
Peak_71435	145997166
Peak_24578	146035492
Peak_43324	147084675
Peak_54878	147084675
Peak_45833	147539117
Peak_111296	148263191
Peak_148758	148263191
Peak_175817	148263191
Peak_127461	148334378
Peak_175818	148334378
Peak_44041	148334378
Peak_54227	148334378
Peak_49800	150255427
Peak_5404	150515169
Peak_60251	150529042
Peak_45785	150532243
Peak_51045	150532243
Peak_12184	150560985
Peak_2140	150560985
Peak_7633	150561967
Peak_10454	150568163
Peak_21171	150977348
Peak_59857	150981229
Peak_14825	151131281
Peak_16301	151832600
Peak_22514	151836514
Peak_14504	151836880
Peak_46232	151944404
Peak_41859	151945792
Peak_16513	151972999
Peak_203559	153506673
Peak_43374	153506673
Peak_19049	153515582
Peak_269988	153515582
Peak_20969	153533192
Peak_51299	153568489
Peak_15048	153572553
Peak_49523	153572553
Peak_31044	153617627
Peak_53058	153633413
Peak_51223	153649187
Peak_60824	153677757
Peak_57145	153697260
Peak_54829	153697945
Peak_76849	153697945
Peak_78018	153697945
Peak_27172	153783338
Peak_9332	153783338
Peak_19059	154352332
Peak_198278	154352332
Peak_24999	154352332
Peak_30992	154352332
Peak_69681	154352332
Peak_32193	154559576
Peak_18382	155125877
Peak_108956	155166539
Peak_60703	155166539
Peak_36096	155167871
Peak_14977	155194416
Peak_88295	155194416
Peak_56395	155226963
Peak_1599	155227367
Peak_175455	155940530
Peak_30831	155940530
Peak_104014	156146653
Peak_97629	156146653
Peak_16826	156456471
Peak_2156	156456471
Peak_76873	156456471
Peak_8369	156456471
Peak_29703	156503392
Peak_33670	156504950
Peak_17337	156505318
Peak_60481	156510667
Peak_148783	156616473
Peak_13435	156659991
Peak_26342	156661343
Peak_64939	156706035
Peak_79458	156706035
Peak_19623	156892347
Peak_13029	157154898
Peak_49554	157154898
Peak_19478	157240452
Peak_9950	157240452
Peak_146929	157992062
Peak_69212	157992062
Peak_17254	158149653
Peak_3448	159910389
Peak_30200	159913679
Peak_36402	159914339
Peak_30505	159916239
Peak_32017	160101098
Peak_28208	160538887
Peak_30937	160538887
Peak_19087	160540224
Peak_13560	160781081
Peak_271450	160781081
Peak_39148	160781081
Peak_46861	160781081
Peak_51238	160781081
Peak_89302	161382562
Peak_93477	161382562
Peak_15573	161399112
Peak_18063	161399112
Peak_21837	161399112
Peak_45705	162613760
Peak_11215	162874017
Peak_22923	162905532
Peak_88699	162905532
Peak_29608	165376035
Peak_48170	165376035
Peak_56975	165376035
Peak_206914	165597958
Peak_3158	165597958
Peak_164239	165915446
Peak_17055	165915446
Peak_67616	165915446
Peak_39836	167627602
Peak_54799	167627602
Peak_71680	167627602
Peak_24816	167915609
Peak_20243	168631686
Peak_48674	168689792
Peak_71813	168689792
Peak_31272	168693178
Peak_34882	168693178
Peak_44044	168834339
Peak_28051	168845173
Peak_43631	168907089
Peak_18618	168920429
Peak_45437	168972821
Peak_24229	169103447
Peak_63244	169511176
Peak_93726	169511176
Peak_45450	171141467
Peak_84235	171141467
Peak_109151	171142149
Peak_66229	171142149
Peak_13318	172746165
Peak_240773	172746165
Peak_55237	172826101
Peak_57179	172826101
Peak_38935	172906802
Peak_22660	172933881
Peak_47481	172933881
Peak_15489	173123031
Peak_63884	173123031
Peak_67238	173123031
Peak_23533	173429517
Peak_14880	173429944
Peak_12788	173451998
Peak_67960	173925680
Peak_73935	175200947
Peak_203039	177818066
Peak_60047	177818066
Peak_106486	177872072
Peak_42994	177872072
Peak_63008	177872072
Peak_36156	178037520
Peak_6722	178037520
Peak_14224	179016987
Peak_15390	179586192
Peak_58119	179586192
Peak_137621	180953468
Peak_24602	180953880
Peak_45839	180953880
Peak_5801	181104989
Peak_16661	181112432
Peak_146068	181136461
Peak_85430	181136461
Peak_14640	181142511
Peak_74709	181151918
Peak_14334	181152903
Peak_1581	182029197
Peak_3270	182029197
Peak_20218	182101408
Peak_65156	182113818
Peak_18091	182120601
Peak_43073	182121757
Peak_36832	182143279
Peak_13356	182144015
Peak_23117	182144015
Peak_26772	182144015
Peak_27467	182146389
Peak_58164	182197633
Peak_74248	182206969
Peak_52363	182259230
Peak_55436	182259230
Peak_108606	182289970
Peak_40629	182289970
Peak_59891	182315272
Peak_108845	182348896
Peak_29452	182614778
Peak_31511	182614778
Peak_84431	182616152
Peak_176034	183180629
Peak_44417	183180629
Peak_56608	184629944
Peak_9888	184632787
Peak_24124	185534806
Peak_11176	185594171
Peak_241879	185594171
Peak_24967	185594171
Peak_18204	192489767
Peak_19961	192531102
Peak_35356	192539797
Peak_67630	193259685
Peak_13624	193355139
Peak_62654	193418507
Peak_236318	201028330
Peak_236683	201028330
Peak_88300	201028330
Peak_58555	201450679
Peak_83884	201450679
Peak_17369	201460992
Peak_30587	201461740
Peak_19991	201480415
Peak_25342	201480415
Peak_110163	201481737
Peak_122433	201481737
Peak_16114	201481737
Peak_59048	201511944
Peak_59532	201511944
Peak_31778	201512962
Peak_30541	201538613
Peak_79260	201540096
Peak_4067	201597607
Peak_30859	201895780
Peak_58361	201895780
Peak_26550	202017724
Peak_34810	202017724
Peak_4292	202017724
Peak_5254	202017724
Peak_25540	202023044
Peak_8754	202034500
Peak_9488	202046186
Peak_140641	202046799
Peak_92866	202047164
Peak_32508	202076029
Peak_15545	202085182
Peak_84831	202085899
Peak_7295	202106292
Peak_58426	202106984
Peak_9981	202106984
Peak_35098	202112888
Peak_73238	202112888
Peak_29665	203278413
Peak_54158	203278413
Peak_42301	203287157
Peak_88775	203287157
Peak_8662	203290298
Peak_124359	203291232
Peak_163011	203291232
Peak_4641	203316519
Peak_23958	203321015
Peak_63317	203322806
Peak_10522	203327052
Peak_25836	203327052
Peak_33529	203327052
Peak_276978	203408520
Peak_51316	203408520
Peak_202716	203536729
Peak_49946	203536729
Peak_15722	203537938
Peak_32254	203558336
Peak_37386	203860388
Peak_57359	204129133
Peak_66347	204383217
Peak_15111	204417139
Peak_50654	204417139
Peak_68166	204417139
Peak_25617	205284664
Peak_164974	205294042
Peak_78149	205294042
Peak_46147	205301193
Peak_34999	205365977
Peak_24331	205477469
Peak_81211	205477469
Peak_42303	205493244
Peak_16185	205543246
Peak_64606	205543246
Peak_72983	205543246
Peak_97983	205543246
Peak_28264	206005332
Peak_137610	206501144
Peak_27284	206501144
Peak_105127	206952239
Peak_245337	206953122
Peak_63855	206953733
Peak_44856	206955496
Peak_38850	207005088
Peak_17278	207009505
Peak_21775	207010044
Peak_124659	207309719
Peak_75134	207309719
Peak_35182	207316657
Peak_41157	207805855
Peak_105771	207807373
Peak_68095	207807373
Peak_68752	207807373
Peak_202383	207811973
Peak_29097	207811973
Peak_92750	207816764
Peak_11219	207823821
Peak_196171	207825718
Peak_32381	207825718
Peak_28819	207826561
Peak_32851	207828625
Peak_58685	207830857
Peak_9505	207838316
Peak_15385	207848215
Peak_78040	207866887
Peak_35704	207868231
Peak_16145	207868728
Peak_68733	207868728
Peak_84602	207922595
Peak_105778	207963501
Peak_1946	207963501
Peak_31314	208245273
Peak_6051	209653000
Peak_71118	209653979
Peak_32599	210251271
Peak_41116	210251271
Peak_13987	210252592
Peak_17675	210292348
Peak_94116	210292348
Peak_26241	210311146
Peak_16701	211514047
Peak_9143	211515204
Peak_25064	211643540
Peak_72991	211929050
Peak_41988	212218159
Peak_32220	212238648
Peak_52920	212238648
Peak_69567	212242596
Peak_30339	212261480
Peak_19975	212469999
Peak_171734	212485819
Peak_207598	212485819
Peak_27481	212485819
Peak_34851	212558296
Peak_6590	212558296
Peak_52906	212636702
Peak_79554	212636702
Peak_95641	212700407
Peak_57318	214280446
Peak_167317	218344906
Peak_51213	218344906
Peak_87780	218344906
Peak_55588	218460015
Peak_78420	218460389
Peak_63983	218498916
Peak_124855	220732420
Peak_199415	220732420
Peak_47878	222465308
Peak_5218	222465308
Peak_11490	222814540
Peak_35649	222814540
Peak_124021	223152476
Peak_64387	223152476
Peak_173692	223180896
Peak_121060	223700971
Peak_18773	223700971
Peak_26586	223776043
Peak_43612	224205459
Peak_28095	224211186
Peak_6794	225444713
Peak_10187	225694160
Peak_23358	225735422
Peak_11558	225746674
Peak_31290	225754894
Peak_97906	225755274
Peak_142736	225763743
Peak_72358	225763743
Peak_167250	225767016
Peak_233557	225767016
Peak_7232	225772353
Peak_55494	226002130
Peak_32710	226034559
Peak_11726	226082988
Peak_34281	226082988
Peak_38235	226082988
Peak_49717	226082988
Peak_105716	226109581
Peak_14896	226109581
Peak_29732	226109581
Peak_73909	226109581
Peak_7661	226109581
Peak_7492	226127705
Peak_38244	226133024
Peak_68853	226133024
Peak_22897	226134844
Peak_25175	226134844
Peak_171362	226350035
Peak_31139	226350035
Peak_41077	226815057
Peak_165755	226827343
Peak_299149	226827343
Peak_96154	226827343
Peak_15424	227357247
Peak_173567	227357247
Peak_199861	227357247
Peak_238067	227357247
Peak_55468	227428930
Peak_30962	227431925
Peak_52709	227787538
Peak_3090	227787894
Peak_71546	227787894
Peak_9911	227787894
Peak_13180	228830134
Peak_60101	228831154
Peak_16912	228837840
Peak_18143	228837840
Peak_25202	228837840
Peak_20610	228860863
Peak_26303	228860863
Peak_106525	228902884
Peak_20541	228902884
Peak_107895	228964503
Peak_92656	228990588
Peak_105482	229058264
Peak_67819	229058264
Peak_25795	229070193
Peak_273614	229108478
Peak_47167	229113118
Peak_44600	229164756
Peak_56855	229164756
Peak_15316	229208002
Peak_15801	229221251
Peak_23595	229221251
Peak_18418	229229212
Peak_237899	229229212
Peak_72344	229229212
Peak_57130	229410885
Peak_31468	229411155
Peak_16550	229582066
Peak_85575	229582066
Peak_36204	230572213
Peak_50450	230572828
Peak_13332	230825057
Peak_28788	230825057
Peak_164468	232629717
Peak_41407	232629717
Peak_52245	232629717
Peak_6142	232629717
Peak_108957	232678257
Peak_14804	232678257
Peak_43498	232704628
Peak_32880	232767263
Peak_89391	232767263
Peak_11178	233707170
Peak_269799	233707170
Peak_85567	233707170
Peak_23519	234499108
Peak_103433	234499701
Peak_16666	234523579
Peak_52303	234531035
Peak_80035	234531728
Peak_80323	234531728
Peak_36769	234535812
Peak_292868	234544174
Peak_72017	234544174
Peak_119068	234544653
Peak_243259	234544653
Peak_41342	234544653
Peak_12525	234599704
Peak_3863	234599704
Peak_38382	234600573
Peak_43680	234602815
Peak_21012	234610657
Peak_3470	234610657
Peak_9017	234610657
Peak_17215	234612608
Peak_145826	234623829
Peak_37968	234624268
Peak_73550	234657336
Peak_32990	234658196
Peak_95699	234700217
Peak_103417	234707678
Peak_16014	234723643
Peak_21532	234723643
Peak_25401	234723643
Peak_3887	234723643
Peak_14102	234751204
Peak_30628	234772466
Peak_36342	234845341
Peak_56061	234863055
Peak_31681	234875653
Peak_18752	234876288
Peak_43375	234899116
Peak_45049	234918023
Peak_87590	234918023
Peak_87464	234919221
Peak_50164	234925746
Peak_45500	234955216
Peak_39206	234957419
Peak_19851	234960645
Peak_87726	234961875
Peak_60828	234963295
Peak_232150	234969728
Peak_72859	234969728
Peak_44350	234970365
Peak_53467	234970365
Peak_269818	234978531
Peak_78134	234978531
Peak_20356	234980607
Peak_29020	234980607
Peak_26257	234987325
Peak_13717	234997113
Peak_167221	235047726
Peak_39613	235047726
Peak_45079	235047726
Peak_25004	235062456
Peak_17484	235067527
Peak_42526	235068248
Peak_48473	235070083
Peak_16118	235073403
Peak_20126	235073403
Peak_48031	235073403
Peak_33745	235075239
Peak_8490	235079514
Peak_198042	235083153
Peak_11937	235083713
Peak_23398	235104253
Peak_93167	235892751
Peak_108106	235902873
Peak_122471	235902873
Peak_31031	235908728
Peak_43183	235917390
Peak_147755	235919987
Peak_62110	235919987
Peak_48505	235923475
Peak_31414	235923809
Peak_62289	235932150
Peak_12923	237012764
Peak_14930	237012764
Peak_27532	241423737
Peak_36795	241423737
Peak_39979	241423737
Peak_80473	241423737
Peak_176495	243917256
Peak_65255	243917256
Peak_18956	244299432
Peak_63586	244325099
Peak_41619	244757268
Peak_55720	244964359
Peak_32854	246699102
Peak_141131	247111628
Peak_17804	247111628
Peak_60462	247111628
Peak_13362	248862915
Peak_23629	248862915
Peak_23845	817296
Peak_54490	817296
Peak_67130	817296
Peak_57080	818645
Peak_61510	818645
Peak_22173	904265
Peak_39088	904265
Peak_21162	923679
Peak_36699	1079452
Peak_53818	1079452
Peak_67761	1079452
Peak_98397	1079452
Peak_20098	1122088
Peak_233916	1157380
Peak_24251	1157380
Peak_62286	1157380
Peak_8947	1157380
Peak_223436	1208073
Peak_39962	1208073
Peak_37551	1362059
Peak_28508	1430253
Peak_33336	1430253
Peak_40715	1430253
Peak_59235	1433282
Peak_22309	1434331
Peak_58833	1504688
Peak_78587	1504688
Peak_153154	1505348
Peak_33133	1505348
Peak_101843	1630991
Peak_33652	1630991
Peak_100741	1782115
Peak_78655	1782115
Peak_94809	1782115
Peak_26211	1906263
Peak_10207	1908433
Peak_207703	1908433
Peak_31010	1908433
Peak_7738	1908433
Peak_11612	2213949
Peak_75415	2213949
Peak_28978	2311523
Peak_75451	2314373
Peak_250432	2314905
Peak_54121	2314905
Peak_25612	2545942
Peak_40005	2545942
Peak_53716	2546877
Peak_47826	2548098
Peak_34332	2548702
Peak_35300	2585308
Peak_36517	2585308
Peak_12580	3747073
Peak_32117	4970222
Peak_46374	4970222
Peak_76073	4970222
Peak_21456	6743205
Peak_229246	6743205
Peak_68410	6743205
Peak_65483	8047234
Peak_36338	8061262
Peak_102260	8063673
Peak_58653	8063673
Peak_51752	8077095
Peak_90534	8078170
Peak_39862	8083116
Peak_81082	8117002
Peak_5979	8121085
Peak_75448	8121085
Peak_47074	8133230
Peak_26277	8133665
Peak_9687	8133665
Peak_11975	8169466
Peak_147137	8169466
Peak_74754	8169466
Peak_98776	8169466
Peak_43134	8174398
Peak_35807	8189923
Peak_46512	8197796
Peak_9679	8202137
Peak_9963	8202137
Peak_102209	8204507
Peak_42307	8217010
Peak_63932	8217010
Peak_68348	8239031
Peak_62058	8239647
Peak_76620	8251723
Peak_5768	8848669
Peak_61552	8889466
Peak_10970	8890002
Peak_47055	8890002
Peak_13685	8986159
Peak_152929	9149889
Peak_232592	9181336
Peak_72043	9181336
Peak_175139	9181939
Peak_201044	9181939
Peak_27858	9371380
Peak_32932	9371380
Peak_65058	9375941
Peak_10571	9376473
Peak_84482	9376473
Peak_91989	9376473
Peak_110940	9384446
Peak_19761	9384730
Peak_72145	9388862
Peak_27737	9412740
Peak_99910	9412740
Peak_151966	9413583
Peak_174914	9413583
Peak_52488	9413583
Peak_3604	9428570
Peak_94796	9438580
Peak_143744	9441579
Peak_86099	9441579
Peak_47179	9467084
Peak_150271	9825439
Peak_25304	9825439
Peak_17596	9835837
Peak_28817	9835837
Peak_62490	10387870
Peak_79411	10635481
Peak_84479	10635481
Peak_40788	10636008
Peak_27481	10866890
Peak_78705	10866890
Peak_12942	11731656
Peak_66325	11731656
Peak_63915	11880842
Peak_67322	11880842
Peak_22027	11918789
Peak_43657	12161732
Peak_16142	12518778
Peak_74595	12518778
Peak_78903	12518778
Peak_179008	12525384
Peak_87534	12525384
Peak_16044	12539832
Peak_18934	12539832
Peak_90912	12541553
Peak_43456	12548777
Peak_48463	12548777
Peak_61720	12548777
Peak_64392	12556273
Peak_8479	12556273
Peak_43494	12619045
Peak_27113	12619868
Peak_12907	13540804
Peak_67643	13543983
Peak_23208	14304333
Peak_38914	14304333
Peak_85703	14486959
Peak_71541	14517119
Peak_44771	14522175
Peak_50841	15146183
Peak_21436	15243191
Peak_25004	15603115
Peak_7472	15603115
Peak_79002	15603115
Peak_92956	15683114
Peak_46503	15799114
Peak_40011	15799492
Peak_175451	15800243
Peak_43852	15800243
Peak_53350	16012786
Peak_29064	16013269
Peak_52119	16167945
Peak_18019	16175626
Peak_263756	16175626
Peak_49888	16175626
Peak_66452	16181541
Peak_6920	16181541
Peak_71343	16181541
Peak_3477	16217030
Peak_39071	16217030
Peak_127499	16244252
Peak_44950	16244252
Peak_131540	16498498
Peak_55412	16498498
Peak_70875	16498498
Peak_9248	16498498
Peak_22783	16644275
Peak_56978	16644275
Peak_8619	16644275
Peak_30187	16725249
Peak_47131	16725249
Peak_16070	17502373
Peak_92145	17502373
Peak_5586	17531602
Peak_207835	18962188
Peak_36462	18962188
Peak_18056	19010770
Peak_65443	19504960
Peak_76552	19504960
Peak_63709	19529595
Peak_44023	19532516
Peak_104502	19563484
Peak_52819	19563484
Peak_17121	20110668
Peak_21583	20151955
Peak_226818	20151955
Peak_207578	20178450
Peak_21579	20178450
Peak_12743	20183746
Peak_152655	20183746
Peak_147664	20477814
Peak_25061	21673257
Peak_40337	21942984
Peak_102182	21944344
Peak_55731	21956784
Peak_10902	22024912
Peak_35441	22024912
Peak_58576	22024912
Peak_6249	22024912
Peak_25700	22031426
Peak_178050	22108261
Peak_48495	22108261
Peak_99160	22108261
Peak_23273	22969314
Peak_129768	23376920
Peak_25465	23376920
Peak_42271	23376920
Peak_14252	23531267
Peak_56633	23554476
Peak_9362	23554476
Peak_23429	23562089
Peak_2998	23562089
Peak_207296	23567837
Peak_61606	23567837
Peak_76403	23568818
Peak_22746	23577373
Peak_23405	23919837
Peak_66104	23919837
Peak_17384	24018637
Peak_56215	24020139
Peak_35177	24045790
Peak_91387	24045790
Peak_98985	24045790
Peak_23153	24201876
Peak_19345	24289982
Peak_13401	24294367
Peak_26356	24294367
Peak_34707	24294367
Peak_21919	24705296
Peak_21916	24727527
Peak_154010	24735891
Peak_52829	24735891
Peak_60444	25022484
Peak_49990	25022831
Peak_20889	25233120
Peak_14498	25239614
Peak_7957	25239614
Peak_17547	25616032
Peak_47483	25616032
Peak_6778	25616032
Peak_10177	25874967
Peak_144846	25874967
Peak_43769	25874967
Peak_57712	25874967
Peak_10353	26500059
Peak_13883	26500059
Peak_175786	26500059
Peak_24670	26500059
Peak_24731	26677434
Peak_24141	26692233
Peak_79699	26692233
Peak_11494	26692884
Peak_59054	26786928
Peak_17103	26799361
Peak_42980	26799361
Peak_16366	27031481
Peak_111971	27402402
Peak_147422	27402402
Peak_51399	27402402
Peak_56347	27402402
Peak_67661	27402402
Peak_252945	27503929
Peak_254049	27503929
Peak_22007	27504428
Peak_29455	27504428
Peak_37576	27504428
Peak_48597	27521537
Peak_17393	27525521
Peak_20831	27528050
Peak_23662	27528050
Peak_45237	27528050
Peak_60365	27528050
Peak_110372	27650615
Peak_90861	27650615
Peak_44394	27659670
Peak_9904	27659670
Peak_41187	27663183
Peak_1512	28247123
Peak_52713	28648034
Peak_60765	28648034
Peak_7476	28648034
Peak_9215	28648034
Peak_35803	28775131
Peak_29245	28882125
Peak_10899	28884988
Peak_14146	29124259
Peak_18380	29124259
Peak_41091	29124259
Peak_36361	29133659
Peak_124004	30637079
Peak_58532	30637079
Peak_49991	30637591
Peak_41637	30670284
Peak_69741	30680884
Peak_84677	30693950
Peak_28698	30695438
Peak_67416	30697802
Peak_26171	30700969
Peak_13523	30704311
Peak_43895	30705132
Peak_50211	30706637
Peak_201924	30763313
Peak_24086	30763313
Peak_39770	30801793
Peak_46141	30801793
Peak_101208	30809474
Peak_126413	30809474
Peak_34363	30809474
Peak_40388	30816168
Peak_40829	30816168
Peak_26269	30818583
Peak_64610	30818583
Peak_4129	30823926
Peak_802	30823926
Peak_38713	30847524
Peak_39308	30852074
Peak_78321	30856215
Peak_42632	30911370
Peak_21614	31154681
Peak_23582	31154681
Peak_11676	31170699
Peak_154049	31564046
Peak_47171	31564046
Peak_76588	31564046
Peak_87628	31564046
Peak_45268	31573934
Peak_36422	31587811
Peak_53831	31587811
Peak_100427	31588649
Peak_150716	31588649
Peak_195367	31588649
Peak_176128	31704523
Peak_64380	31704523
Peak_24177	31705213
Peak_1142	31714513
Peak_13527	31714513
Peak_59083	31714513
Peak_9991	31714513
Peak_13428	31788150
Peak_18447	31788150
Peak_52302	31788150
Peak_57710	31788150
Peak_62055	31788150
Peak_71712	31788150
Peak_17514	31954688
Peak_70019	31954688
Peak_46232	31955981
Peak_35021	32063360
Peak_146163	32239960
Peak_26659	32240228
Peak_33986	32240228
Peak_53162	32241032
Peak_63323	32241032
Peak_36766	32972775
Peak_68788	32972775
Peak_43080	32989262
Peak_128548	33126988
Peak_3639	33126988
Peak_66470	33143226
Peak_48948	33229185
Peak_34512	33300749
Peak_58741	33433811
Peak_109988	33443428
Peak_30175	33443428
Peak_20165	33455880
Peak_28965	33455880
Peak_37705	33460991
Peak_15290	33470524
Peak_65467	35121002
Peak_76593	35222705
Peak_87638	35222705
Peak_93108	35264901
Peak_16684	36183308
Peak_252004	36183308
Peak_148341	36187806
Peak_33243	36187806
Peak_9525	36187806
Peak_179633	36200302
Peak_2170	36386455
Peak_102399	36387058
Peak_145208	37034405
Peak_28207	37454762
Peak_29044	37454762
Peak_16143	37471737
Peak_109135	37487194
Peak_38171	37487194
Peak_250252	37605873
Peak_86113	37605873
Peak_81592	37676459
Peak_40132	39076448
Peak_124920	39952527
Peak_78420	39952527
Peak_114300	40782374
Peak_194064	40782374
Peak_206361	40782374
Peak_265111	40782374
Peak_24379	40783389
Peak_34625	40845208
Peak_99183	40867585
Peak_30058	40877684
Peak_34978	40944358
Peak_21868	40944908
Peak_9623	40944908
Peak_61054	40967530
Peak_48779	41314075
Peak_38753	41319897
Peak_25744	41387763
Peak_17437	41432440
Peak_40786	41432440
Peak_42360	41432440
Peak_6516	41455697
Peak_19405	41474434
Peak_7970	41474434
Peak_70667	41495706
Peak_7006	41496028
Peak_75446	41496842
Peak_46193	41500525
Peak_44026	42172598
Peak_61745	42172598
Peak_64163	42172598
Peak_24968	42962709
Peak_47173	42973335
Peak_115129	43295432
Peak_174842	43295432
Peak_43458	44036599
Peak_29729	44047737
Peak_77865	44047737
Peak_31540	44059708
Peak_35929	44059708
Peak_12429	44730546
Peak_14075	44730546
Peak_15569	44730546
Peak_173101	44730546
Peak_14173	44807240
Peak_9888	44807240
Peak_30136	46037049
Peak_131547	46466404
Peak_141992	46466404
Peak_71900	46466404
Peak_62526	47508754
Peak_21378	47751877
Peak_254148	47997306
Peak_39366	47997306
Peak_27309	48494083
Peak_11154	52702940
Peak_19559	52702940
Peak_52136	52710339
Peak_127159	53145885
Peak_43973	53145885
Peak_200593	53176576
Peak_28972	53176576
Peak_46164	53176576
Peak_61198	53500282
Peak_39332	53982103
Peak_50198	53982103
Peak_112275	54474712
Peak_165630	54474712
Peak_208415	54474712
Peak_225939	54474712
Peak_39851	54474712
Peak_49977	54474712
Peak_53988	54474712
Peak_6549	54487979
Peak_195659	54489200
Peak_49703	54489200
Peak_32795	54499121
Peak_76054	54499121
Peak_36117	54772097
Peak_70791	54776157
Peak_39677	54777462
Peak_41109	54950369
Peak_64215	54950369
Peak_65475	54973238
Peak_148461	55277116
Peak_54540	55277116
Peak_13534	55443283
Peak_68259	55443283
Peak_32200	55512557
Peak_57127	55519964
Peak_27342	55522374
Peak_39132	55522374
Peak_66650	55536613
Peak_43032	55575610
Peak_63605	55575610
Peak_23526	55580807
Peak_24844	55580807
Peak_59729	55669320
Peak_95088	55670438
Peak_110361	55718757
Peak_22740	55718757
Peak_28623	55781917
Peak_33028	55781917
Peak_34063	55813660
Peak_48952	55943795
Peak_44043	56056545
Peak_50037	56056545
Peak_165431	56073991
Peak_52834	56073991
Peak_24054	56146464
Peak_146821	56376368
Peak_26698	56376368
Peak_28953	56446482
Peak_60925	56446482
Peak_66359	56452196
Peak_85886	56452196
Peak_58262	56453055
Peak_71401	56453055
Peak_31218	58584375
Peak_27231	58755259
Peak_65478	58764406
Peak_95095	58764406
Peak_25319	58773401
Peak_17659	58815228
Peak_81612	58848916
Peak_76608	58874862
Peak_86172	58896703
Peak_14409	58922276
Peak_26458	58968482
Peak_92581	58968482
Peak_23391	59013351
Peak_34337	59013351
Peak_57755	59013351
Peak_45040	59020235
Peak_13249	59043787
Peak_173263	59052187
Peak_205395	59052187
Peak_29937	59057203
Peak_7240	59151032
Peak_38756	61491470
Peak_27927	61638253
Peak_38709	62690243
Peak_46450	63316942
Peak_246634	63322193
Peak_63675	63322193
Peak_111985	63674465
Peak_123945	63674465
Peak_19851	63674465
Peak_25499	63691993
Peak_13429	63698260
Peak_154145	63731562
Peak_87663	63731562
Peak_110099	65002238
Peak_16161	65002238
Peak_17867	65002238
Peak_23815	65002238
Peak_34159	66402204
Peak_25645	66449912
Peak_27064	66449912
Peak_50296	67590388
Peak_113674	67838294
Peak_94656	67838294
Peak_208088	68321157
Peak_32776	68321157
Peak_234088	68322898
Peak_56175	68322898
Peak_58421	68322898
Peak_61894	68327525
Peak_231928	68342620
Peak_27650	68342620
Peak_62535	69105071
Peak_143000	69567153
Peak_144056	69567153
Peak_205713	69567153
Peak_28205	69567153
Peak_68801	71090030
Peak_81630	82565176
Peak_11811	83151207
Peak_80002	83151207
Peak_151152	83508474
Peak_68047	83508474
Peak_66829	83641371
Peak_115451	83641851
Peak_54935	83641851
Peak_67836	83641851
Peak_48955	84540662
Peak_68805	84540662
Peak_22633	84604510
Peak_109355	84698208
Peak_18671	84698208
Peak_199981	84719557
Peak_78742	84719557
Peak_17216	84785021
Peak_223245	84785021
Peak_57207	85220706
Peak_65305	85240382
Peak_100454	85244831
Peak_30382	85297719
Peak_84595	85297719
Peak_128042	85599157
Peak_55437	85629047
Peak_93113	85629047
Peak_169561	86503388
Peak_41366	86503388
Peak_42608	86503388
Peak_54419	86503388
Peak_43176	86757519
Peak_73567	86774270
Peak_117146	86792876
Peak_52838	86792876
Peak_29936	87449276
Peak_69674	87644515
Peak_101931	87686542
Peak_114554	87686542
Peak_69791	87686542
Peak_175274	87781406
Peak_46574	87781406
Peak_39464	87902704
Peak_66527	87968213
Peak_109542	87968499
Peak_37702	87968499
Peak_13932	90851283
Peak_77813	90851283
Peak_129061	91537296
Peak_92841	91537296
Peak_42200	91569861
Peak_73616	91575011
Peak_73451	91582538
Peak_111856	91584832
Peak_90353	91584832
Peak_50130	91604653
Peak_17966	91622673
Peak_33194	91650765
Peak_32508	92962314
Peak_40570	93847784
Peak_86041	93847784
Peak_71489	94334489
Peak_23912	94648164
Peak_68807	94658212
Peak_8969	94713725
Peak_18634	94743814
Peak_111109	94783307
Peak_15032	94783307
Peak_61090	94793266
Peak_21775	94801995
Peak_44341	94801995
Peak_34444	94803526
Peak_36093	94955823
Peak_21151	95935500
Peak_93957	95935500
Peak_166476	96416060
Peak_48441	96416060
Peak_174844	96482222
Peak_92515	96482222
Peak_94022	96487271
Peak_125065	96520072
Peak_60457	96520072
Peak_48210	96520586
Peak_28314	96538178
Peak_7040	96538178
Peak_154328	96683827
Peak_38929	96683827
Peak_51637	96684803
Peak_246867	96865596
Peak_31136	96865596
Peak_93196	96934566
Peak_143992	96938540
Peak_176880	96938540
Peak_57927	96968556
Peak_65488	96995406
Peak_100927	99808356
Peak_148632	99808356
Peak_7037	99808356
Peak_81261	99808356
Peak_174291	106721674
Peak_76333	106721674
Peak_172721	106752584
Peak_47819	106753072
Peak_14811	106879422
Peak_24256	107530336
Peak_247107	107530336
Peak_28463	109099794
Peak_6272	109099794
Peak_86841	109099794
Peak_165390	109240090
Peak_35626	109240090
Peak_63211	109240090
Peak_20680	109532302
Peak_30141	109532302
Peak_74224	109532302
Peak_85760	109792174
Peak_102258	109807483
Peak_197850	109821157
Peak_75131	109821157
Peak_100184	109823925
Peak_57301	109838857
Peak_116678	109864194
Peak_26180	109872080
Peak_23515	109877301
Peak_111008	109883350
Peak_58468	109883350
Peak_123882	109884167
Peak_228590	109884167
Peak_47153	109931153
Peak_33892	109954218
Peak_100309	110083941
Peak_130472	110083941
Peak_19036	110083941
Peak_48487	110083941
Peak_19608	110120945
Peak_37982	110120945
Peak_15864	110209936
Peak_84541	110209936
Peak_84944	110209936
Peak_37637	110555365
Peak_43583	110556195
Peak_50834	110556195
Peak_114611	111990593
Peak_126909	111990593
Peak_197432	111990593
Peak_36226	111991438
Peak_109617	112317200
Peak_194361	112317200
Peak_225485	112318784
Peak_33444	112358842
Peak_39572	112360010
Peak_12467	112390828
Peak_168546	112390828
Peak_32504	112394191
Peak_24101	112716329
Peak_42291	112957489
Peak_42901	112982905
Peak_15410	112997767
Peak_30959	112998739
Peak_79709	112998739
Peak_43238	113140592
Peak_85732	113140592
Peak_131892	114081419
Peak_50690	114081419
Peak_67247	114081419
Peak_228213	114345944
Peak_24017	114345944
Peak_8420	114345944
Peak_32457	114353292
Peak_59693	114370012
Peak_41949	115090582
Peak_19686	115099333
Peak_50573	115099333
Peak_144605	115158188
Peak_59277	115190181
Peak_62478	115233513
Peak_42641	115251263
Peak_201922	115363728
Peak_58735	115363728
Peak_60714	115363728
Peak_21325	115365749
Peak_102088	115771656
Peak_18933	115771656
Peak_38856	115828152
Peak_70572	115828152
Peak_114951	116151725
Peak_14988	116151725
Peak_167738	116168219
Peak_20519	116168219
Peak_16714	116418239
Peak_43428	116418239
Peak_67905	116853810
Peak_47146	116878065
Peak_48489	116878065
Peak_79455	116878065
Peak_147443	117051479
Peak_85702	117051479
Peak_253432	117671882
Peak_31615	117671882
Peak_24493	117682312
Peak_103552	117686080
Peak_14746	117695823
Peak_44591	117695823
Peak_41685	117780719
Peak_67668	117780719
Peak_90532	117780719
Peak_100185	117815123
Peak_116258	117815123
Peak_114907	117821178
Peak_23082	117821748
Peak_84566	117826851
Peak_18968	117828111
Peak_55995	119327122
Peak_9651	119327122
Peak_143984	119779918
Peak_68100	119779918
Peak_33630	119873618
Peak_33893	145425092
Peak_52807	145425092
Peak_644	145979290
Peak_263782	145985315
Peak_48767	145985315
Peak_93091	145985823
Peak_19180	145999336
Peak_14447	146007185
Peak_32774	146036920
Peak_46507	147539125
Peak_61335	148334628
Peak_85733	148334628
Peak_11534	148388222
Peak_21312	148388222
Peak_51123	148388222
Peak_33026	150061613
Peak_4021	150213496
Peak_51643	150213496
Peak_23977	150255777
Peak_79056	150255777
Peak_33633	150281363
Peak_1530	150515109
Peak_230721	150515109
Peak_30602	150532201
Peak_38460	150532201
Peak_49239	150538081
Peak_1565	150560978
Peak_16272	150560978
Peak_9189	150560978
Peak_35700	150567733
Peak_10482	150568116
Peak_148143	150979389
Peak_61250	150979389
Peak_209017	151473236
Peak_41375	151473236
Peak_54979	151473236
Peak_18691	151539593
Peak_129316	151941154
Peak_47914	151941154
Peak_39835	151945792
Peak_27461	151972749
Peak_43948	152442766
Peak_28406	152448156
Peak_166981	153490270
Peak_31276	153490270
Peak_59208	153490270
Peak_10350	153506755
Peak_12667	153533150
Peak_53692	153533807
Peak_102256	153568396
Peak_43460	153568396
Peak_16594	153572529
Peak_109750	153697208
Peak_123624	153697208
Peak_45841	153697208
Peak_67559	153697208
Peak_16429	153783244
Peak_8338	153783244
Peak_10324	153790119
Peak_61885	153790119
Peak_6891	153790119
Peak_70031	153790119
Peak_26441	153986762
Peak_103919	154352713
Peak_51859	154353026
Peak_57267	154353026
Peak_111427	154943805
Peak_94051	155062800
Peak_41070	155094019
Peak_114140	155126180
Peak_125730	155126180
Peak_27908	155126180
Peak_24528	155166805
Peak_40761	155166805
Peak_56484	155166805
Peak_73661	155166805
Peak_13195	155192990
Peak_143454	155192990
Peak_98822	155192990
Peak_13681	155194333
Peak_49402	155194333
Peak_46777	155227006
Peak_52245	155227365
Peak_694	155227365
Peak_29443	155648380
Peak_3593	155745332
Peak_64634	155745332
Peak_37668	156140692
Peak_60997	156140692
Peak_98230	156140692
Peak_1460	156456463
Peak_30837	156456463
Peak_4564	156456463
Peak_50285	156456463
Peak_18350	156502840
Peak_45524	156504987
Peak_9441	156504987
Peak_32791	156508432
Peak_7317	156510640
Peak_29957	156608124
Peak_152167	156615095
Peak_64143	156615095
Peak_38589	156616327
Peak_115376	156659983
Peak_14552	156659983
Peak_58848	156664887
Peak_198253	156667439
Peak_48168	156667439
Peak_73736	156677931
Peak_27811	156706674
Peak_19379	156709798
Peak_21767	156892141
Peak_40397	157992017
Peak_51725	157992017
Peak_171026	158149653
Peak_4865	158149653
Peak_150429	158998564
Peak_58266	158998564
Peak_93898	158998564
Peak_18339	159161056
Peak_20312	159161056
Peak_47165	159989607
Peak_19775	160101038
Peak_71099	160102288
Peak_28484	161382179
Peak_49255	161382179
Peak_123963	161389633
Peak_3154	161389633
Peak_4026	161389633
Peak_50815	161389633
Peak_195349	161972942
Peak_142948	161973801
Peak_34396	161973801
Peak_153614	162062482
Peak_54984	162062482
Peak_20710	162541379
Peak_224935	162541379
Peak_21179	162548167
Peak_179089	162613471
Peak_32571	162613471
Peak_102778	162626201
Peak_225583	162626201
Peak_90932	162631037
Peak_50846	163104576
Peak_76534	163381609
Peak_67985	163406799
Peak_28576	163436229
Peak_26413	163440048
Peak_109501	163538757
Peak_42979	163538757
Peak_87559	163673836
Peak_11497	164295814
Peak_78951	164295814
Peak_84086	164320914
Peak_59704	164369775
Peak_68690	164928255
Peak_67488	164929045
Peak_11350	164949703
Peak_15735	164949703
Peak_18859	164949703
Peak_44876	164949703
Peak_9857	164949703
Peak_43799	164982897
Peak_32704	165063205
Peak_46958	165063205
Peak_47918	165063205
Peak_85831	165073480
Peak_17871	165375998
Peak_35565	165375998
Peak_7694	165375998
Peak_17699	165383137
Peak_112103	165597952
Peak_2069	165597952
Peak_116766	167617446
Peak_254305	167617446
Peak_207718	167714898
Peak_56001	167714898
Peak_15615	167796954
Peak_44096	168149029
Peak_22905	168320704
Peak_42325	168320704
Peak_87128	168320704
Peak_18511	168342360
Peak_94455	168342360
Peak_114571	168371617
Peak_64129	168391814
Peak_52231	168392138
Peak_19223	168428035
Peak_45979	168469615
Peak_70025	168481704
Peak_42917	168485127
Peak_44414	168488124
Peak_12779	168498181
Peak_62370	168513855
Peak_50168	168609206
Peak_56358	168609206
Peak_59569	168613738
Peak_23239	168636659
Peak_35785	168688663
Peak_38582	168688663
Peak_101785	168690035
Peak_87351	168690035
Peak_93226	168690035
Peak_48932	168767896
Peak_52815	168774197
Peak_153638	168880041
Peak_54985	168880041
Peak_127308	168893260
Peak_26951	168893260
Peak_24789	169511377
Peak_30823	169511377
Peak_27628	170929663
Peak_55509	170929663
Peak_71848	170929663
Peak_43814	171655277
Peak_132916	171674752
Peak_62502	171674752
Peak_206131	172746167
Peak_31035	172746167
Peak_28411	172826063
Peak_43969	172826063
Peak_20331	172933766
Peak_44750	172933766
Peak_19467	173122912
Peak_46787	173122912
Peak_44957	173429522
Peak_20808	173429829
Peak_57886	173431271
Peak_36763	173451981
Peak_71147	174022815
Peak_83344	175150732
Peak_109321	175200701
Peak_129565	175200701
Peak_145233	175200701
Peak_31411	176846867
Peak_20347	177341727
Peak_116343	178057962
Peak_61160	178057962
Peak_10231	178931892
Peak_22987	178931892
Peak_53319	178931892
Peak_19921	178933009
Peak_27707	178933009
Peak_12719	178938632
Peak_7931	178938632
Peak_92610	178938632
Peak_62177	178946038
Peak_42465	178952950
Peak_101941	179002499
Peak_111892	179002499
Peak_45897	179002499
Peak_70414	179002499
Peak_40437	179017124
Peak_25072	180953889
Peak_29051	180953889
Peak_47578	181094949
Peak_54396	181096261
Peak_26625	181104585
Peak_3629	181104585
Peak_79702	181104585
Peak_43611	181112422
Peak_194948	181134876
Peak_50814	181134876
Peak_17486	181142337
Peak_6129	181152893
Peak_4474	182029316
Peak_7210	182029316
Peak_42205	182143251
Peak_16291	182143888
Peak_19189	182143888
Peak_45852	182206897
Peak_102259	182279758
Peak_112718	182279758
Peak_9588	182289923
Peak_48602	182348958
Peak_50431	182351822
Peak_18089	182614776
Peak_28560	182614776
Peak_152540	182616164
Peak_73735	182616164
Peak_224936	183148598
Peak_70252	183148598
Peak_64720	183180319
Peak_71488	183180856
Peak_21569	183598345
Peak_25778	183609271
Peak_31736	184075082
Peak_34208	184075082
Peak_11690	184283937
Peak_40062	184296604
Peak_110742	184330324
Peak_30734	184330324
Peak_173465	184366968
Peak_49253	184366968
Peak_98673	184366968
Peak_25258	184629827
Peak_75290	184629827
Peak_54508	184632805
Peak_62049	184632805
Peak_101756	184663455
Peak_32531	184663455
Peak_79321	184663455
Peak_35972	186626875
Peak_123625	191371450
Peak_20500	191371450
Peak_131517	192476725
Peak_92207	192476725
Peak_11555	192485734
Peak_17178	192489767
Peak_76549	192539843
Peak_87077	192592677
Peak_32332	192593211
Peak_143319	192722264
Peak_26961	192722264
Peak_60568	192722264
Peak_109459	192817020
Peak_99769	192817020
Peak_24840	192878139
Peak_36396	192890037
Peak_40685	192890037
Peak_15374	192907602
Peak_151572	192913782
Peak_178614	192913782
Peak_60684	192920488
Peak_32839	192951970
Peak_70631	193111673
Peak_26711	193115661
Peak_87583	193341846
Peak_110103	193408776
Peak_178405	193408776
Peak_39275	193418503
Peak_28334	194069408
Peak_115258	200302178
Peak_115727	200302178
Peak_47432	200302178
Peak_26221	200415978
Peak_40127	200488503
Peak_84634	200488503
Peak_89989	200621215
Peak_17837	201448015
Peak_94448	201449003
Peak_204629	201450669
Peak_25078	201450669
Peak_17116	201456662
Peak_263844	201456662
Peak_11374	201460992
Peak_12902	201461691
Peak_207959	201461691
Peak_25057	201480507
Peak_71893	201480507
Peak_130705	201481720
Peak_21740	201481720
Peak_227888	201481720
Peak_7915	201481720
Peak_35486	201512100
Peak_199840	201512780
Peak_21485	201512780
Peak_14362	201530805
Peak_37276	201535083
Peak_57216	201535778
Peak_17231	201538748
Peak_86612	201538748
Peak_124255	201552853
Peak_55916	201562713
Peak_43505	201565362
Peak_39199	201584458
Peak_18222	201593324
Peak_33281	201602924
Peak_80153	201895333
Peak_14198	201895747
Peak_172695	201895747
Peak_263563	201947159
Peak_64815	201947159
Peak_75469	202810516
Peak_7800	202810516
Peak_84429	202858382
Peak_178299	202861505
Peak_7128	202861505
Peak_83364	202861505
Peak_29230	203274986
Peak_4863	203278287
Peak_50823	203290416
Peak_7495	203290416
Peak_123541	203316617
Peak_126203	203316617
Peak_26430	203327120
Peak_33538	203327120
Peak_7449	203327120
Peak_28545	203368906
Peak_42520	203374033
Peak_265124	203379943
Peak_52374	203379943
Peak_100428	203402615
Peak_42986	203405693
Peak_37116	203406603
Peak_11704	203408406
Peak_75638	203408406
Peak_16324	203440817
Peak_92189	203447621
Peak_59574	203448619
Peak_48378	203452023
Peak_226282	203463465
Peak_61216	203463465
Peak_75112	203463465
Peak_8471	203464981
Peak_23214	203465932
Peak_102519	203512848
Peak_16744	203512848
Peak_66888	203514013
Peak_109580	203534010
Peak_251156	203534368
Peak_8373	203534368
Peak_230541	203544373
Peak_63645	203544373
Peak_80951	203544373
Peak_18282	203556030
Peak_35561	203556030
Peak_32485	203557483
Peak_20258	203558371
Peak_51593	203591879
Peak_71755	203591879
Peak_222156	203597538
Peak_60443	203597538
Peak_93084	203597538
Peak_60420	203601130
Peak_73767	203609363
Peak_37961	203744120
Peak_48934	203871153
Peak_94106	204041194
Peak_57087	204041904
Peak_24580	204128931
Peak_94805	204128931
Peak_124820	204129667
Peak_129047	204417142
Peak_20339	204417142
Peak_34167	204697949
Peak_47854	204703190
Peak_79322	204703190
Peak_115765	204814242
Peak_51636	204814242
Peak_43620	204819064
Peak_195283	204821466
Peak_71784	204821466
Peak_81032	204821466
Peak_205378	205284669
Peak_23262	205284669
Peak_91940	205294406
Peak_53413	205301406
Peak_234871	205543327
Peak_29486	205543327
Peak_53741	205543327
Peak_37812	205783609
Peak_81554	205783609
Peak_50239	206501144
Peak_29373	206634346
Peak_15097	207805844
Peak_24058	207811938
Peak_50522	207816715
Peak_14509	207823747
Peak_27907	207825718
Peak_21113	207828618
Peak_81025	207831547
Peak_60180	207838496
Peak_67437	207848312
Peak_11051	207866574
Peak_42992	207866574
Peak_46283	207867361
Peak_59210	207868250
Peak_17350	207868720
Peak_57766	207868720
Peak_57976	207925189
Peak_79281	207925189
Peak_13645	207959111
Peak_55585	207962824
Peak_8090	207962824
Peak_84374	207962824
Peak_195959	208245077
Peak_39375	208245077
Peak_209306	209266538
Peak_68768	209266538
Peak_68769	209266538
Peak_72401	209266538
Peak_199851	209349689
Peak_49480	209349689
Peak_209308	209742508
Peak_250247	209742508
Peak_70253	210223139
Peak_61988	210232162
Peak_27796	210251112
Peak_85288	210251112
Peak_34293	210258075
Peak_100857	210262122
Peak_101023	210262122
Peak_70052	210262122
Peak_29924	210292339
Peak_123399	210293005
Peak_49342	210293005
Peak_56657	210295069
Peak_25649	210311196
Peak_152755	210312023
Peak_231348	210312023
Peak_12357	211613366
Peak_43724	211633016
Peak_8446	212234589
Peak_10845	212469989
Peak_233866	212488612
Peak_36500	212488612
Peak_22348	212558286
Peak_9742	212558286
Peak_35013	212636582
Peak_37409	212638735
Peak_26522	212700367
Peak_60635	212700367
Peak_87003	212700367
Peak_68597	214337629
Peak_91312	214337629
Peak_48811	214338287
Peak_153854	215539617
Peak_35309	215539617
Peak_48608	215539617
Peak_56570	215544655
Peak_172853	218164140
Peak_46878	218164140
Peak_48678	218164140
Peak_56287	218164140
Peak_94856	218165379
Peak_201880	218460001
Peak_27074	218460001
Peak_40941	218460001
Peak_33993	218479838
Peak_78002	218479838
Peak_93195	218498675
Peak_56933	218499032
Peak_30990	218665272
Peak_228550	219298576
Peak_44954	219298576
Peak_112773	219660910
Peak_41538	219660910
Peak_132444	220300454
Peak_21765	220300454
Peak_59401	220828983
Peak_17780	220843429
Peak_18647	220887447
Peak_198611	220894007
Peak_27741	220894007
Peak_37596	220991954
Peak_51777	220991954
Peak_22671	221029976
Peak_91229	221029976
Peak_28806	221032816
Peak_44432	221203474
Peak_48291	221203474
Peak_52480	221203474
Peak_115951	221227900
Peak_44444	221230575
Peak_33977	221335250
Peak_66855	221335250
Peak_71137	221335250
Peak_223776	221440327
Peak_27977	221440327
Peak_34488	221440327
Peak_133078	221448367
Peak_42696	221448367
Peak_50758	221458117
Peak_54611	221458117
Peak_16766	221612463
Peak_28791	221845831
Peak_47722	221845831
Peak_14879	222043499
Peak_36709	222043499
Peak_45286	222043499
Peak_18255	222454732
Peak_36331	222454732
Peak_10952	222465214
Peak_10147	222757505
Peak_10990	222757505
Peak_37813	222829983
Peak_20267	223031532
Peak_76567	223031532
Peak_131545	223051933
Peak_58335	223074505
Peak_18610	223081233
Peak_53516	223081233
Peak_22404	223084357
Peak_21929	223090121
Peak_13784	223429268
Peak_101845	223430199
Peak_102216	224204740
Peak_57951	224204740
Peak_129491	224205467
Peak_22678	224223319
Peak_70391	224223319
Peak_71113	224223319
Peak_29032	225444896
Peak_2260	225447358
Peak_55476	225447358
Peak_36363	225453971
Peak_67641	225460103
Peak_68211	225460103
Peak_40869	225461516
Peak_18372	225474805
Peak_22433	225474805
Peak_59240	225474805
Peak_23546	225484075
Peak_57065	225484075
Peak_39941	225655511
Peak_12204	225661962
Peak_141945	225661962
Peak_47499	225735628
Peak_25773	225745160
Peak_14348	225746666
Peak_51176	225746666
Peak_73615	225763771
Peak_29231	225766919
Peak_29192	225772321
Peak_11495	226082920
Peak_32483	226082920
Peak_38151	226082920
Peak_39940	226082920
Peak_19807	226109553
Peak_23920	226109553
Peak_59061	226109553
Peak_65225	226109553
Peak_9526	226109553
Peak_19847	226121378
Peak_42289	226121378
Peak_52003	226121378
Peak_41638	226134842
Peak_41983	226134842
Peak_94084	226134842
Peak_85365	226353126
Peak_34172	226547768
Peak_33210	226626283
Peak_76326	226626283
Peak_23378	226778473
Peak_28996	226784118
Peak_56634	226784118
Peak_19164	226799886
Peak_28873	226814726
Peak_35080	226814726
Peak_52366	226814726
Peak_1916	226821233
Peak_75286	226821233
Peak_12650	226827333
Peak_177079	226827333
Peak_13636	226827929
Peak_91262	226989210
Peak_205724	227431767
Peak_58469	227431767
Peak_116365	227541751
Peak_14793	227541751
Peak_36417	227541751
Peak_16965	227787517
Peak_48429	227794479
Peak_11274	227886982
Peak_16062	227886982
Peak_44361	227886982
Peak_60971	227895799
Peak_22562	228149399
Peak_78748	228795672
Peak_21711	228798488
Peak_52532	228802461
Peak_65402	228838256
Peak_66141	228838256
Peak_114497	228900021
Peak_205745	228900021
Peak_75425	228900021
Peak_149955	228902884
Peak_23402	228902884
Peak_86148	228902884
Peak_67944	228903793
Peak_73459	228937924
Peak_57320	228964218
Peak_35398	228989960
Peak_36077	228989960
Peak_202332	229003447
Peak_56716	229003447
Peak_153280	229059652
Peak_73704	229059652
Peak_62438	229062123
Peak_17337	229070159
Peak_58967	229108999
Peak_56129	229109507
Peak_58232	229115004
Peak_11210	229115921
Peak_207279	229115921
Peak_246561	229204921
Peak_28167	229204921
Peak_72268	229204921
Peak_29951	229229720
Peak_86793	229508927
Peak_22836	229563765
Peak_48940	229579125
Peak_60319	229579125
Peak_45588	229699723
Peak_27800	229887465
Peak_235430	230806812
Peak_25701	230806812
Peak_63805	230825085
Peak_44985	230878578
Peak_131828	232142361
Peak_16625	232142361
Peak_20581	232142361
Peak_35189	232287731
Peak_70573	232287731
Peak_70699	232287731
Peak_151904	232306261
Peak_46760	232306261
Peak_46543	232620304
Peak_54934	232620304
Peak_43758	232675371
Peak_72415	232683685
Peak_49693	232693122
Peak_21425	232704460
Peak_233867	232704460
Peak_16240	232767303
Peak_33875	232767303
Peak_58713	234486713
Peak_13496	234498895
Peak_86619	234498895
Peak_43072	234499771
Peak_15211	234523533
Peak_35714	234531696
Peak_30405	234533086
Peak_37488	234533086
Peak_31169	234533956
Peak_17345	234535784
Peak_20820	234543417
Peak_104113	234543982
Peak_131427	234543982
Peak_28482	234543982
Peak_6945	234543982
Peak_19205	234554818
Peak_19317	234585660
Peak_4650	234599523
Peak_64888	234599523
Peak_19107	234610645
Peak_3142	234610645
Peak_33563	234610645
Peak_39768	234612670
Peak_22908	234676085
Peak_81566	234676085
Peak_22838	234684226
Peak_55630	234700217
Peak_28761	234716321
Peak_33319	234716817
Peak_45173	234723347
Peak_25620	234723673
Peak_19664	234724011
Peak_3862	234724011
Peak_116947	234743847
Peak_39431	234772466
Peak_143391	234809381
Peak_150848	234809381
Peak_53460	234809381
Peak_18426	234816912
Peak_113027	234856763
Peak_79591	234856763
Peak_24463	234862928
Peak_35540	234862928
Peak_81417	234867518
Peak_25670	234886387
Peak_37073	234886387
Peak_31600	234887052
Peak_21946	234915949
Peak_32686	234919207
Peak_40657	234919207
Peak_39829	234925824
Peak_86533	234961850
Peak_66524	234962589
Peak_32362	234969859
Peak_20101	234970403
Peak_31524	234970403
Peak_103114	234973948
Peak_51188	234978985
Peak_23144	234980581
Peak_32829	234980581
Peak_22362	234987372
Peak_48323	234987372
Peak_49351	234987372
Peak_76369	234987372
Peak_4860	234997188
Peak_52105	234998202
Peak_10913	235047704
Peak_29874	235067474
Peak_115632	235069654
Peak_148650	235069654
Peak_100435	235074518
Peak_227236	235074518
Peak_54577	235074518
Peak_70144	235074518
Peak_11662	235083060
Peak_40322	235083060
Peak_15656	235104054
Peak_37814	235903122
Peak_68783	235910719
Peak_41340	235917442
Peak_46314	235917442
Peak_11439	235971528
Peak_85121	235971528
Peak_47527	235972394
Peak_14329	236066891
Peak_10982	236067889
Peak_81570	236952387
Peak_39334	236997901
Peak_33350	237012684
Peak_66845	237012684
Peak_173517	240691684
Peak_35108	240691684
Peak_75398	240691684
Peak_51118	243917297
Peak_94744	243917297
Peak_26779	244214147
Peak_35890	244273083
Peak_130958	244273867
Peak_176235	244273867
Peak_20297	244273867
Peak_207297	244730483
Peak_34334	244730483
Peak_72102	244730483
Peak_153214	244964251
Peak_50444	244964251
Peak_25557	246769286
Peak_14816	247111248
Peak_37216	247111248
Peak_50412	247111248
Peak_48945	247361094
Peak_116986	247371110
Peak_83474	247371110
Peak_12777	248863218
